feature,mean,std
crime_rate_per100k,159.90048034934497,86.72841281150797
population,8027529.471615721,11020968.22666477
population_density,748.7262008733624,2659.0120283890255
unemployment_rate,4.208657205240176,0.8133971250704399
